"Source:","/home/eason/Flight_logger_v2/Flight_logger_v2.kicad_sch"
"Date:","Fri 28 Jan 2022 04:57:44"
"Tool:","Eeschema 6.0.0-d3dd2cf0fa~116~ubuntu20.04.1"
"Generator:","/usr/share/kicad/plugins/bom_csv_grouped_by_value_with_fp.py"
"Component Count:","38"
"Ref","Qnty","Value","Cmp name","Footprint","Description","Vendor"
"AE1, ","1","Antenna_Loop","Antenna_Loop","RF_Antenna:Texas_SWRA117D_2.4GHz_Right","Loop antenna",""
"C1, C11, ","2","10uF","C","Capacitor_SMD:C_0402_1005Metric","Unpolarized capacitor",""
"C2, C3, C12, C13, ","4","1uF","C_Small","Capacitor_SMD:C_0402_1005Metric","Unpolarized capacitor, small symbol",""
"C4, ","1","10nF","C","Capacitor_SMD:C_0402_1005Metric","Unpolarized capacitor",""
"C5, C7, C8, C15, C17, C18, ","6","100nF","C","Capacitor_SMD:C_0402_1005Metric","Unpolarized capacitor",""
"C6, C10, C14, C16, ","4","20pF","C_Small","Capacitor_SMD:C_0402_1005Metric","Unpolarized capacitor, small symbol",""
"C9, ","1","6.8uF","C","Capacitor_SMD:C_0402_1005Metric","Unpolarized capacitor",""
"IC1, ","1","ESP32-C3FH4","ESP32-C3FN4","QFN50P500X500X90-33N-D","RF System on a Chip - SoC SMD IC ESP32-C3FN4, single-core MCU, 2.4G Wi-Fi & BLE 5.0 combo, QFN 32-pin, 5*5 mm, 4 MB flash inside, -40C +85C",""
"J1, ","1","Conn_01x05_Female","Conn_01x05_Female","Connector_PinHeader_2.54mm:PinHeader_1x05_P2.54mm_Vertical","Generic connector, single row, 01x05, script generated (kicad-library-utils/schlib/autogen/connector/)",""
"J2, ","1","Conn_01x02_Female","Conn_01x02_Female","Connector_JST:JST_PH_B2B-PH-K_1x02_P2.00mm_Vertical","Generic connector, single row, 01x02, script generated (kicad-library-utils/schlib/autogen/connector/)",""
"L1, ","1","2.2nH","L","Inductor_SMD:L_0805_2012Metric","Inductor",""
"L2, ","1","0.4nH","L_Small","Inductor_SMD:L_0402_1005Metric","Inductor, small symbol",""
"Q1, ","1","AO3401A","AO3401A","Package_TO_SOT_SMD:SOT-23","-4.0A Id, -30V Vds, P-Channel MOSFET, SOT-23",""
"R1, R2, ","2","499","R_Small","Resistor_SMD:R_0402_1005Metric","Resistor, small symbol",""
"R4, R5, R6, ","3","10k","R","Resistor_SMD:R_0402_1005Metric","Resistor",""
"R7, R8, ","2","4.7k","R","Resistor_SMD:R_0402_1005Metric","Resistor",""
"R9, ","1","0","R_Small","Resistor_SMD:R_0402_1005Metric","Resistor, small symbol",""
"S1, S2, ","2","TS-1187A-B-A-B","TS-1187A-B-A-B","SW_TS-1187A-B-A-B","",""
"U1, ","1"," SPX3940AM3-L-3-3/TR","SPX2920M3-3.3_SOT223","Package_TO_SOT_SMD:SOT-223-3_TabPin2","400mA Low drop-out regulator, Fixed Output 3.3V, SOT-223",""
"U2, ","1","BMP388","BMP388","Sensor_barometric:BMP388","",""
"Y1, ","1","YSX321SL 40MHZ 15PF 10PPM -40~+85","Crystal_GND24_Small","Crystal:Crystal_SMD_3225-4Pin_3.2x2.5mm","Four pin crystal, GND on pins 2 and 4, small symbol",""
