<?xml version="1.0" encoding="UTF-8"?>
<export version="E">
  <design>
    <source>/home/eason/Flight_logger_v2/Flight_logger_v2.kicad_sch</source>
    <date>Fri 28 Jan 2022 04:57:44</date>
    <tool>Eeschema 6.0.0-d3dd2cf0fa~116~ubuntu20.04.1</tool>
    <sheet number="1" name="/" tstamps="/">
      <title_block>
        <title/>
        <company/>
        <rev/>
        <date/>
        <source>Flight_logger_v2.kicad_sch</source>
        <comment number="1" value=""/>
        <comment number="2" value=""/>
        <comment number="3" value=""/>
        <comment number="4" value=""/>
        <comment number="5" value=""/>
        <comment number="6" value=""/>
        <comment number="7" value=""/>
        <comment number="8" value=""/>
        <comment number="9" value=""/>
      </title_block>
    </sheet>
  </design>
  <components>
    <comp ref="AE1">
      <value>Antenna_Loop</value>
      <footprint>RF_Antenna:Texas_SWRA117D_2.4GHz_Right</footprint>
      <libsource lib="Device" part="Antenna_Loop" description="Loop antenna"/>
      <property name="Sheetname" value=""/>
      <property name="Sheetfile" value="Flight_logger_v2.kicad_sch"/>
      <sheetpath names="/" tstamps="/"/>
      <tstamps>7338b5a9-3a85-4450-86b4-5007c87a58ff</tstamps>
    </comp>
    <comp ref="C1">
      <value>10uF</value>
      <footprint>Capacitor_SMD:C_0402_1005Metric</footprint>
      <libsource lib="Device" part="C" description="Unpolarized capacitor"/>
      <property name="Sheetname" value=""/>
      <property name="Sheetfile" value="Flight_logger_v2.kicad_sch"/>
      <sheetpath names="/" tstamps="/"/>
      <tstamps>27f1b03e-f1fc-4da5-a760-9588f5f5fd7f</tstamps>
    </comp>
    <comp ref="C2">
      <value>1uF</value>
      <footprint>Capacitor_SMD:C_0402_1005Metric</footprint>
      <libsource lib="Device" part="C" description="Unpolarized capacitor"/>
      <property name="Sheetname" value=""/>
      <property name="Sheetfile" value="Flight_logger_v2.kicad_sch"/>
      <sheetpath names="/" tstamps="/"/>
      <tstamps>37f4042d-558e-45cd-a71c-9f995d9a3880</tstamps>
    </comp>
    <comp ref="C3">
      <value>1uF</value>
      <footprint>Capacitor_SMD:C_0402_1005Metric</footprint>
      <libsource lib="Device" part="C" description="Unpolarized capacitor"/>
      <property name="Sheetname" value=""/>
      <property name="Sheetfile" value="Flight_logger_v2.kicad_sch"/>
      <sheetpath names="/" tstamps="/"/>
      <tstamps>e3072f4e-7e42-428d-b0ab-fdff02610f38</tstamps>
    </comp>
    <comp ref="C4">
      <value>10nF</value>
      <footprint>Capacitor_SMD:C_0402_1005Metric</footprint>
      <libsource lib="Device" part="C" description="Unpolarized capacitor"/>
      <property name="Sheetname" value=""/>
      <property name="Sheetfile" value="Flight_logger_v2.kicad_sch"/>
      <sheetpath names="/" tstamps="/"/>
      <tstamps>c8c41c37-2235-450c-9b85-553e9f24abad</tstamps>
    </comp>
    <comp ref="C5">
      <value>100nF</value>
      <footprint>Capacitor_SMD:C_0402_1005Metric</footprint>
      <libsource lib="Device" part="C" description="Unpolarized capacitor"/>
      <property name="Sheetname" value=""/>
      <property name="Sheetfile" value="Flight_logger_v2.kicad_sch"/>
      <sheetpath names="/" tstamps="/"/>
      <tstamps>1d005377-4e8e-4628-a951-974b065643ea</tstamps>
    </comp>
    <comp ref="C6">
      <value>20pF</value>
      <footprint>Capacitor_SMD:C_0402_1005Metric</footprint>
      <libsource lib="Device" part="C_Small" description="Unpolarized capacitor, small symbol"/>
      <property name="Sheetname" value=""/>
      <property name="Sheetfile" value="Flight_logger_v2.kicad_sch"/>
      <sheetpath names="/" tstamps="/"/>
      <tstamps>606afebc-9d9f-4797-8fb1-eb533a2f661f</tstamps>
    </comp>
    <comp ref="C7">
      <value>100nF</value>
      <footprint>Capacitor_SMD:C_0402_1005Metric</footprint>
      <libsource lib="Device" part="C" description="Unpolarized capacitor"/>
      <property name="Sheetname" value=""/>
      <property name="Sheetfile" value="Flight_logger_v2.kicad_sch"/>
      <sheetpath names="/" tstamps="/"/>
      <tstamps>0b9a3d94-87fe-416c-ba41-dc5c83fa2174</tstamps>
    </comp>
    <comp ref="C8">
      <value>100nF</value>
      <footprint>Capacitor_SMD:C_0402_1005Metric</footprint>
      <libsource lib="Device" part="C" description="Unpolarized capacitor"/>
      <property name="Sheetname" value=""/>
      <property name="Sheetfile" value="Flight_logger_v2.kicad_sch"/>
      <sheetpath names="/" tstamps="/"/>
      <tstamps>706c44fa-d707-4975-84df-749cd992696b</tstamps>
    </comp>
    <comp ref="C9">
      <value>6.8uF</value>
      <footprint>Capacitor_SMD:C_0402_1005Metric</footprint>
      <libsource lib="Device" part="C" description="Unpolarized capacitor"/>
      <property name="Sheetname" value=""/>
      <property name="Sheetfile" value="Flight_logger_v2.kicad_sch"/>
      <sheetpath names="/" tstamps="/"/>
      <tstamps>29206883-79d1-4dcc-b85e-f33b1ff0905d</tstamps>
    </comp>
    <comp ref="C10">
      <value>20pF</value>
      <footprint>Capacitor_SMD:C_0402_1005Metric</footprint>
      <libsource lib="Device" part="C_Small" description="Unpolarized capacitor, small symbol"/>
      <property name="Sheetname" value=""/>
      <property name="Sheetfile" value="Flight_logger_v2.kicad_sch"/>
      <sheetpath names="/" tstamps="/"/>
      <tstamps>ff62eac5-2c12-4431-ae6e-6b3a176041f3</tstamps>
    </comp>
    <comp ref="C11">
      <value>10uF</value>
      <footprint>Capacitor_SMD:C_0402_1005Metric</footprint>
      <libsource lib="Device" part="C" description="Unpolarized capacitor"/>
      <property name="Sheetname" value=""/>
      <property name="Sheetfile" value="Flight_logger_v2.kicad_sch"/>
      <sheetpath names="/" tstamps="/"/>
      <tstamps>12631531-9e1e-4a79-bdf2-b48284de8031</tstamps>
    </comp>
    <comp ref="C12">
      <value>1uF</value>
      <footprint>Capacitor_SMD:C_0402_1005Metric</footprint>
      <libsource lib="Device" part="C_Small" description="Unpolarized capacitor, small symbol"/>
      <property name="Sheetname" value=""/>
      <property name="Sheetfile" value="Flight_logger_v2.kicad_sch"/>
      <sheetpath names="/" tstamps="/"/>
      <tstamps>85285fab-d70e-4913-86ee-50c4fd4517fa</tstamps>
    </comp>
    <comp ref="C13">
      <value>1uF</value>
      <footprint>Capacitor_SMD:C_0402_1005Metric</footprint>
      <libsource lib="Device" part="C_Small" description="Unpolarized capacitor, small symbol"/>
      <property name="Sheetname" value=""/>
      <property name="Sheetfile" value="Flight_logger_v2.kicad_sch"/>
      <sheetpath names="/" tstamps="/"/>
      <tstamps>8288b621-5440-4b3c-96d2-363e5eab99ff</tstamps>
    </comp>
    <comp ref="C14">
      <value>20pF</value>
      <footprint>Capacitor_SMD:C_0402_1005Metric</footprint>
      <libsource lib="Device" part="C_Small" description="Unpolarized capacitor, small symbol"/>
      <property name="Sheetname" value=""/>
      <property name="Sheetfile" value="Flight_logger_v2.kicad_sch"/>
      <sheetpath names="/" tstamps="/"/>
      <tstamps>509957ca-e401-4e40-9a5f-3d2b4754561d</tstamps>
    </comp>
    <comp ref="C15">
      <value>100nF</value>
      <footprint>Capacitor_SMD:C_0402_1005Metric</footprint>
      <libsource lib="Device" part="C" description="Unpolarized capacitor"/>
      <property name="Sheetname" value=""/>
      <property name="Sheetfile" value="Flight_logger_v2.kicad_sch"/>
      <sheetpath names="/" tstamps="/"/>
      <tstamps>6310dc91-4809-4cb5-9f28-0f50b7630666</tstamps>
    </comp>
    <comp ref="C16">
      <value>20pF</value>
      <footprint>Capacitor_SMD:C_0402_1005Metric</footprint>
      <libsource lib="Device" part="C_Small" description="Unpolarized capacitor, small symbol"/>
      <property name="Sheetname" value=""/>
      <property name="Sheetfile" value="Flight_logger_v2.kicad_sch"/>
      <sheetpath names="/" tstamps="/"/>
      <tstamps>7f7cee6a-7195-4ca1-b0af-b02c3887e91f</tstamps>
    </comp>
    <comp ref="C17">
      <value>100nF</value>
      <footprint>Capacitor_SMD:C_0402_1005Metric</footprint>
      <libsource lib="Device" part="C" description="Unpolarized capacitor"/>
      <property name="Sheetname" value=""/>
      <property name="Sheetfile" value="Flight_logger_v2.kicad_sch"/>
      <sheetpath names="/" tstamps="/"/>
      <tstamps>8d1126bd-bd37-488d-b698-107f30049e80</tstamps>
    </comp>
    <comp ref="C18">
      <value>100nF</value>
      <footprint>Capacitor_SMD:C_0402_1005Metric</footprint>
      <libsource lib="Device" part="C" description="Unpolarized capacitor"/>
      <property name="Sheetname" value=""/>
      <property name="Sheetfile" value="Flight_logger_v2.kicad_sch"/>
      <sheetpath names="/" tstamps="/"/>
      <tstamps>c3ed6274-f6a1-4a0e-99b8-7823a480dbb5</tstamps>
    </comp>
    <comp ref="IC1">
      <value>ESP32-C3FH4</value>
      <footprint>QFN50P500X500X90-33N-D</footprint>
      <datasheet>https://www.mouser.co.uk/datasheet/2/891/esp32_c3_datasheet_en-1989865.pdf</datasheet>
      <fields>
        <field name="Description">RF System on a Chip - SoC SMD IC ESP32-C3FN4, single-core MCU, 2.4G Wi-Fi &amp; BLE 5.0 combo, QFN 32-pin, 5*5 mm, 4 MB flash inside, -40C +85C</field>
        <field name="Height">0.9</field>
        <field name="Manufacturer_Name">Espressif Systems</field>
        <field name="Manufacturer_Part_Number">ESP32-C3FN4</field>
        <field name="Mouser Part Number">356-ESP32-C3FN4</field>
        <field name="Mouser Price/Stock">https://www.mouser.co.uk/ProductDetail/Espressif-Systems/ESP32-C3FN4?qs=iLbezkQI%252BsjnhgSmJXMnMQ%3D%3D</field>
      </fields>
      <libsource lib="ESP_Modules" part="ESP32-C3FN4" description="RF System on a Chip - SoC SMD IC ESP32-C3FN4, single-core MCU, 2.4G Wi-Fi &amp; BLE 5.0 combo, QFN 32-pin, 5*5 mm, 4 MB flash inside, -40C +85C"/>
      <property name="Description" value="RF System on a Chip - SoC SMD IC ESP32-C3FN4, single-core MCU, 2.4G Wi-Fi &amp; BLE 5.0 combo, QFN 32-pin, 5*5 mm, 4 MB flash inside, -40C +85C"/>
      <property name="Height" value="0.9"/>
      <property name="Manufacturer_Name" value="Espressif Systems"/>
      <property name="Manufacturer_Part_Number" value="ESP32-C3FN4"/>
      <property name="Mouser Part Number" value="356-ESP32-C3FN4"/>
      <property name="Mouser Price/Stock" value="https://www.mouser.co.uk/ProductDetail/Espressif-Systems/ESP32-C3FN4?qs=iLbezkQI%252BsjnhgSmJXMnMQ%3D%3D"/>
      <property name="Arrow Part Number" value=""/>
      <property name="Arrow Price/Stock" value=""/>
      <property name="Sheetname" value=""/>
      <property name="Sheetfile" value="Flight_logger_v2.kicad_sch"/>
      <sheetpath names="/" tstamps="/"/>
      <tstamps>dcf4cb0b-d369-4b6a-8640-a3f1fa7c7650</tstamps>
    </comp>
    <comp ref="J1">
      <value>Conn_01x05_Female</value>
      <footprint>Connector_PinHeader_2.54mm:PinHeader_1x05_P2.54mm_Vertical</footprint>
      <libsource lib="Connector" part="Conn_01x05_Female" description="Generic connector, single row, 01x05, script generated (kicad-library-utils/schlib/autogen/connector/)"/>
      <property name="Sheetname" value=""/>
      <property name="Sheetfile" value="Flight_logger_v2.kicad_sch"/>
      <sheetpath names="/" tstamps="/"/>
      <tstamps>efda45f9-61ca-45ac-82f3-1087dfad7550</tstamps>
    </comp>
    <comp ref="J2">
      <value>Conn_01x02_Female</value>
      <footprint>Connector_JST:JST_PH_B2B-PH-K_1x02_P2.00mm_Vertical</footprint>
      <libsource lib="Connector" part="Conn_01x02_Female" description="Generic connector, single row, 01x02, script generated (kicad-library-utils/schlib/autogen/connector/)"/>
      <property name="Sheetname" value=""/>
      <property name="Sheetfile" value="Flight_logger_v2.kicad_sch"/>
      <sheetpath names="/" tstamps="/"/>
      <tstamps>00a9bc2f-29db-4fd6-b346-cf8676c67abe</tstamps>
    </comp>
    <comp ref="L1">
      <value>2.2nH</value>
      <footprint>Inductor_SMD:L_0805_2012Metric</footprint>
      <libsource lib="Device" part="L" description="Inductor"/>
      <property name="Sheetname" value=""/>
      <property name="Sheetfile" value="Flight_logger_v2.kicad_sch"/>
      <sheetpath names="/" tstamps="/"/>
      <tstamps>de77a5c0-2769-401b-adde-712ee7a7161b</tstamps>
    </comp>
    <comp ref="L2">
      <value>0.4nH</value>
      <footprint>Inductor_SMD:L_0402_1005Metric</footprint>
      <libsource lib="Device" part="L_Small" description="Inductor, small symbol"/>
      <property name="Sheetname" value=""/>
      <property name="Sheetfile" value="Flight_logger_v2.kicad_sch"/>
      <sheetpath names="/" tstamps="/"/>
      <tstamps>a287d0b6-a0cc-4ab8-a767-37ba513442a2</tstamps>
    </comp>
    <comp ref="Q1">
      <value>AO3401A</value>
      <footprint>Package_TO_SOT_SMD:SOT-23</footprint>
      <datasheet>http://www.aosmd.com/pdfs/datasheet/AO3401A.pdf</datasheet>
      <libsource lib="Transistor_FET" part="AO3401A" description="-4.0A Id, -30V Vds, P-Channel MOSFET, SOT-23"/>
      <property name="Sheetname" value=""/>
      <property name="Sheetfile" value="Flight_logger_v2.kicad_sch"/>
      <sheetpath names="/" tstamps="/"/>
      <tstamps>78d0c0f4-4ca5-4376-aa68-efd21641b07c</tstamps>
    </comp>
    <comp ref="R1">
      <value>499</value>
      <footprint>Resistor_SMD:R_0402_1005Metric</footprint>
      <libsource lib="Device" part="R_Small" description="Resistor, small symbol"/>
      <property name="Sheetname" value=""/>
      <property name="Sheetfile" value="Flight_logger_v2.kicad_sch"/>
      <sheetpath names="/" tstamps="/"/>
      <tstamps>45a8f5b7-4649-4c5d-a375-f06c1dc4d88e</tstamps>
    </comp>
    <comp ref="R2">
      <value>499</value>
      <footprint>Resistor_SMD:R_0402_1005Metric</footprint>
      <libsource lib="Device" part="R_Small" description="Resistor, small symbol"/>
      <property name="Sheetname" value=""/>
      <property name="Sheetfile" value="Flight_logger_v2.kicad_sch"/>
      <sheetpath names="/" tstamps="/"/>
      <tstamps>b3b3c884-d0fb-4f65-8ea8-09d11c7bbf89</tstamps>
    </comp>
    <comp ref="R4">
      <value>10k</value>
      <footprint>Resistor_SMD:R_0402_1005Metric</footprint>
      <libsource lib="Device" part="R_Small" description="Resistor, small symbol"/>
      <property name="Sheetname" value=""/>
      <property name="Sheetfile" value="Flight_logger_v2.kicad_sch"/>
      <sheetpath names="/" tstamps="/"/>
      <tstamps>01c2ce55-dd18-4441-8dca-221d6287292f</tstamps>
    </comp>
    <comp ref="R5">
      <value>10k</value>
      <footprint>Resistor_SMD:R_0402_1005Metric</footprint>
      <libsource lib="Device" part="R" description="Resistor"/>
      <property name="Sheetname" value=""/>
      <property name="Sheetfile" value="Flight_logger_v2.kicad_sch"/>
      <sheetpath names="/" tstamps="/"/>
      <tstamps>733d3ceb-b3f2-4128-875c-dc1675da30ff</tstamps>
    </comp>
    <comp ref="R6">
      <value>10k</value>
      <footprint>Resistor_SMD:R_0402_1005Metric</footprint>
      <libsource lib="Device" part="R" description="Resistor"/>
      <property name="Sheetname" value=""/>
      <property name="Sheetfile" value="Flight_logger_v2.kicad_sch"/>
      <sheetpath names="/" tstamps="/"/>
      <tstamps>a0faeee1-19fc-4bd7-8d52-2b3b306f913b</tstamps>
    </comp>
    <comp ref="R7">
      <value>4.7k</value>
      <footprint>Resistor_SMD:R_0402_1005Metric</footprint>
      <libsource lib="Device" part="R" description="Resistor"/>
      <property name="Sheetname" value=""/>
      <property name="Sheetfile" value="Flight_logger_v2.kicad_sch"/>
      <sheetpath names="/" tstamps="/"/>
      <tstamps>74a20508-92d9-47aa-8e8d-7daa2e15b600</tstamps>
    </comp>
    <comp ref="R8">
      <value>4.7k</value>
      <footprint>Resistor_SMD:R_0402_1005Metric</footprint>
      <libsource lib="Device" part="R" description="Resistor"/>
      <property name="Sheetname" value=""/>
      <property name="Sheetfile" value="Flight_logger_v2.kicad_sch"/>
      <sheetpath names="/" tstamps="/"/>
      <tstamps>266b42bd-56de-4e23-bf56-2b0a6935262a</tstamps>
    </comp>
    <comp ref="R9">
      <value>0</value>
      <footprint>Resistor_SMD:R_0402_1005Metric</footprint>
      <libsource lib="Device" part="R_Small" description="Resistor, small symbol"/>
      <property name="Sheetname" value=""/>
      <property name="Sheetfile" value="Flight_logger_v2.kicad_sch"/>
      <sheetpath names="/" tstamps="/"/>
      <tstamps>f503900a-7b71-45fe-b6e7-2ec1ca4a8792</tstamps>
    </comp>
    <comp ref="S1">
      <value>TS-1187A-B-A-B</value>
      <footprint>SW_TS-1187A-B-A-B</footprint>
      <fields>
        <field name="MANUFACTURER">XKB Industrial Precision</field>
        <field name="MAXIMUM_PACKAGE_HEIGHT">1.5mm</field>
        <field name="PARTREV">A0</field>
        <field name="STANDARD">Manufacturer Recommendations</field>
      </fields>
      <libsource lib="Switch_Smd" part="TS-1187A-B-A-B" description=""/>
      <property name="MAXIMUM_PACKAGE_HEIGHT" value="1.5mm"/>
      <property name="STANDARD" value="Manufacturer Recommendations"/>
      <property name="MANUFACTURER" value="XKB Industrial Precision"/>
      <property name="PARTREV" value="A0"/>
      <property name="Sheetname" value=""/>
      <property name="Sheetfile" value="Flight_logger_v2.kicad_sch"/>
      <sheetpath names="/" tstamps="/"/>
      <tstamps>40a49238-a759-4d20-84fa-51c291f6215d</tstamps>
    </comp>
    <comp ref="S2">
      <value>TS-1187A-B-A-B</value>
      <footprint>SW_TS-1187A-B-A-B</footprint>
      <fields>
        <field name="MANUFACTURER">XKB Industrial Precision</field>
        <field name="MAXIMUM_PACKAGE_HEIGHT">1.5mm</field>
        <field name="PARTREV">A0</field>
        <field name="STANDARD">Manufacturer Recommendations</field>
      </fields>
      <libsource lib="Switch_Smd" part="TS-1187A-B-A-B" description=""/>
      <property name="MAXIMUM_PACKAGE_HEIGHT" value="1.5mm"/>
      <property name="STANDARD" value="Manufacturer Recommendations"/>
      <property name="MANUFACTURER" value="XKB Industrial Precision"/>
      <property name="PARTREV" value="A0"/>
      <property name="Sheetname" value=""/>
      <property name="Sheetfile" value="Flight_logger_v2.kicad_sch"/>
      <sheetpath names="/" tstamps="/"/>
      <tstamps>84cb49b9-dd69-4045-91e5-a0b06941eabb</tstamps>
    </comp>
    <comp ref="U1">
      <value> SPX3940AM3-L-3-3/TR</value>
      <footprint>Package_TO_SOT_SMD:SOT-223-3_TabPin2</footprint>
      <datasheet>https://datasheet.lcsc.com/lcsc/1807271024_MaxLinear-SPX3940AM3-L-3-3-TR_C48252.pdf</datasheet>
      <libsource lib="Regulator_Linear" part="SPX2920M3-3.3_SOT223" description="400mA Low drop-out regulator, Fixed Output 3.3V, SOT-223"/>
      <property name="Sheetname" value=""/>
      <property name="Sheetfile" value="Flight_logger_v2.kicad_sch"/>
      <sheetpath names="/" tstamps="/"/>
      <tstamps>7aae25a9-ebd8-4cdc-acd2-3dec1f6b8e99</tstamps>
    </comp>
    <comp ref="U2">
      <value>BMP388</value>
      <footprint>Sensor_barometric:BMP388</footprint>
      <fields>
        <field name="MANUFACTURER">BOSCH</field>
        <field name="PARTREV">1.1</field>
        <field name="STANDARD">IPC 7351B</field>
      </fields>
      <libsource lib="Sensor_Barometric" part="BMP388" description=""/>
      <property name="STANDARD" value="IPC 7351B"/>
      <property name="MANUFACTURER" value="BOSCH"/>
      <property name="PARTREV" value="1.1"/>
      <property name="Sheetname" value=""/>
      <property name="Sheetfile" value="Flight_logger_v2.kicad_sch"/>
      <sheetpath names="/" tstamps="/"/>
      <tstamps>10ddf54c-6d59-4755-8fb8-43466141a83a</tstamps>
    </comp>
    <comp ref="Y1">
      <value>YSX321SL 40MHZ 15PF 10PPM -40~+85</value>
      <footprint>Crystal:Crystal_SMD_3225-4Pin_3.2x2.5mm</footprint>
      <libsource lib="Device" part="Crystal_GND24_Small" description="Four pin crystal, GND on pins 2 and 4, small symbol"/>
      <property name="Sheetname" value=""/>
      <property name="Sheetfile" value="Flight_logger_v2.kicad_sch"/>
      <sheetpath names="/" tstamps="/"/>
      <tstamps>aca696a8-f811-4693-b038-e06d06d123b9</tstamps>
    </comp>
  </components>
  <libparts>
    <libpart lib="Connector" part="Conn_01x02_Female">
      <description>Generic connector, single row, 01x02, script generated (kicad-library-utils/schlib/autogen/connector/)</description>
      <docs>~</docs>
      <footprints>
        <fp>Connector*:*_1x??_*</fp>
      </footprints>
      <fields>
        <field name="Reference">J</field>
        <field name="Value">Conn_01x02_Female</field>
        <field name="Datasheet">~</field>
      </fields>
      <pins>
        <pin num="1" name="Pin_1" type="passive"/>
        <pin num="2" name="Pin_2" type="passive"/>
      </pins>
    </libpart>
    <libpart lib="Connector" part="Conn_01x05_Female">
      <description>Generic connector, single row, 01x05, script generated (kicad-library-utils/schlib/autogen/connector/)</description>
      <docs>~</docs>
      <footprints>
        <fp>Connector*:*_1x??_*</fp>
      </footprints>
      <fields>
        <field name="Reference">J</field>
        <field name="Value">Conn_01x05_Female</field>
        <field name="Datasheet">~</field>
      </fields>
      <pins>
        <pin num="1" name="Pin_1" type="passive"/>
        <pin num="2" name="Pin_2" type="passive"/>
        <pin num="3" name="Pin_3" type="passive"/>
        <pin num="4" name="Pin_4" type="passive"/>
        <pin num="5" name="Pin_5" type="passive"/>
      </pins>
    </libpart>
    <libpart lib="Device" part="Antenna_Loop">
      <description>Loop antenna</description>
      <docs>~</docs>
      <fields>
        <field name="Reference">AE</field>
        <field name="Value">Antenna_Loop</field>
        <field name="Datasheet">~</field>
      </fields>
      <pins>
        <pin num="1" name="" type="input"/>
        <pin num="2" name="" type="input"/>
      </pins>
    </libpart>
    <libpart lib="Device" part="C">
      <description>Unpolarized capacitor</description>
      <docs>~</docs>
      <footprints>
        <fp>C_*</fp>
      </footprints>
      <fields>
        <field name="Reference">C</field>
        <field name="Value">C</field>
        <field name="Datasheet">~</field>
      </fields>
      <pins>
        <pin num="1" name="" type="passive"/>
        <pin num="2" name="" type="passive"/>
      </pins>
    </libpart>
    <libpart lib="Device" part="C_Small">
      <description>Unpolarized capacitor, small symbol</description>
      <docs>~</docs>
      <footprints>
        <fp>C_*</fp>
      </footprints>
      <fields>
        <field name="Reference">C</field>
        <field name="Value">C_Small</field>
        <field name="Datasheet">~</field>
      </fields>
      <pins>
        <pin num="1" name="" type="passive"/>
        <pin num="2" name="" type="passive"/>
      </pins>
    </libpart>
    <libpart lib="Device" part="Crystal_GND24_Small">
      <description>Four pin crystal, GND on pins 2 and 4, small symbol</description>
      <docs>~</docs>
      <footprints>
        <fp>Crystal*</fp>
      </footprints>
      <fields>
        <field name="Reference">Y</field>
        <field name="Value">Crystal_GND24_Small</field>
        <field name="Datasheet">~</field>
      </fields>
      <pins>
        <pin num="1" name="1" type="passive"/>
        <pin num="2" name="2" type="passive"/>
        <pin num="3" name="3" type="passive"/>
        <pin num="4" name="4" type="passive"/>
      </pins>
    </libpart>
    <libpart lib="Device" part="L">
      <description>Inductor</description>
      <docs>~</docs>
      <footprints>
        <fp>Choke_*</fp>
        <fp>*Coil*</fp>
        <fp>Inductor_*</fp>
        <fp>L_*</fp>
      </footprints>
      <fields>
        <field name="Reference">L</field>
        <field name="Value">L</field>
        <field name="Datasheet">~</field>
      </fields>
      <pins>
        <pin num="1" name="1" type="passive"/>
        <pin num="2" name="2" type="passive"/>
      </pins>
    </libpart>
    <libpart lib="Device" part="L_Small">
      <description>Inductor, small symbol</description>
      <docs>~</docs>
      <footprints>
        <fp>Choke_*</fp>
        <fp>*Coil*</fp>
        <fp>Inductor_*</fp>
        <fp>L_*</fp>
      </footprints>
      <fields>
        <field name="Reference">L</field>
        <field name="Value">L_Small</field>
        <field name="Datasheet">~</field>
      </fields>
      <pins>
        <pin num="1" name="" type="passive"/>
        <pin num="2" name="" type="passive"/>
      </pins>
    </libpart>
    <libpart lib="Device" part="R">
      <description>Resistor</description>
      <docs>~</docs>
      <footprints>
        <fp>R_*</fp>
      </footprints>
      <fields>
        <field name="Reference">R</field>
        <field name="Value">R</field>
        <field name="Datasheet">~</field>
      </fields>
      <pins>
        <pin num="1" name="" type="passive"/>
        <pin num="2" name="" type="passive"/>
      </pins>
    </libpart>
    <libpart lib="Device" part="R_Small">
      <description>Resistor, small symbol</description>
      <docs>~</docs>
      <footprints>
        <fp>R_*</fp>
      </footprints>
      <fields>
        <field name="Reference">R</field>
        <field name="Value">R_Small</field>
        <field name="Datasheet">~</field>
      </fields>
      <pins>
        <pin num="1" name="" type="passive"/>
        <pin num="2" name="" type="passive"/>
      </pins>
    </libpart>
    <libpart lib="ESP_Modules" part="ESP32-C3FN4">
      <description>RF System on a Chip - SoC SMD IC ESP32-C3FN4, single-core MCU, 2.4G Wi-Fi &amp; BLE 5.0 combo, QFN 32-pin, 5*5 mm, 4 MB flash inside, -40C +85C</description>
      <docs>https://www.mouser.co.uk/datasheet/2/891/esp32_c3_datasheet_en-1989865.pdf</docs>
      <fields>
        <field name="Reference">IC</field>
        <field name="Value">ESP32-C3FN4</field>
        <field name="Footprint">QFN50P500X500X90-33N-D</field>
        <field name="Datasheet">https://www.mouser.co.uk/datasheet/2/891/esp32_c3_datasheet_en-1989865.pdf</field>
        <field name="Description">RF System on a Chip - SoC SMD IC ESP32-C3FN4, single-core MCU, 2.4G Wi-Fi &amp; BLE 5.0 combo, QFN 32-pin, 5*5 mm, 4 MB flash inside, -40C +85C</field>
        <field name="Height">0.9</field>
        <field name="Manufacturer_Name">Espressif Systems</field>
        <field name="Manufacturer_Part_Number">ESP32-C3FN4</field>
        <field name="Mouser Part Number">356-ESP32-C3FN4</field>
        <field name="Mouser Price/Stock">https://www.mouser.co.uk/ProductDetail/Espressif-Systems/ESP32-C3FN4?qs=iLbezkQI%252BsjnhgSmJXMnMQ%3D%3D</field>
      </fields>
      <pins>
        <pin num="1" name="LNA_IN" type="passive"/>
        <pin num="2" name="VDD3P3_1" type="passive"/>
        <pin num="3" name="VDD3P3_2" type="passive"/>
        <pin num="4" name="XTAL_32K_P" type="passive"/>
        <pin num="5" name="XTAL_32K_N" type="passive"/>
        <pin num="6" name="GPIO2" type="passive"/>
        <pin num="7" name="CHIP_EN" type="passive"/>
        <pin num="8" name="GPIO3" type="passive"/>
        <pin num="9" name="MTMS" type="passive"/>
        <pin num="10" name="MTDI" type="passive"/>
        <pin num="11" name="VDD3P3_RTC" type="passive"/>
        <pin num="12" name="MTCK" type="passive"/>
        <pin num="13" name="MTDO" type="passive"/>
        <pin num="14" name="GPIO8" type="passive"/>
        <pin num="15" name="GPIO9" type="passive"/>
        <pin num="16" name="GPIO10" type="passive"/>
        <pin num="17" name="VDD3P3_CPU" type="passive"/>
        <pin num="18" name="VDD_SPI" type="passive"/>
        <pin num="19" name="SPIHD" type="passive"/>
        <pin num="20" name="SPIWP" type="passive"/>
        <pin num="21" name="SPICS0" type="passive"/>
        <pin num="22" name="SPICLK" type="passive"/>
        <pin num="23" name="SPID" type="passive"/>
        <pin num="24" name="SPIQ" type="passive"/>
        <pin num="25" name="GPIO18" type="passive"/>
        <pin num="26" name="GPIO19" type="passive"/>
        <pin num="27" name="U0RXD" type="passive"/>
        <pin num="28" name="U0TXD" type="passive"/>
        <pin num="29" name="XTAL_N" type="passive"/>
        <pin num="30" name="XTAL_P" type="passive"/>
        <pin num="31" name="VDDA_1" type="passive"/>
        <pin num="32" name="VDDA_2" type="passive"/>
        <pin num="33" name="EP" type="passive"/>
      </pins>
    </libpart>
    <libpart lib="Regulator_Linear" part="SPX2920M3-3.3_SOT223">
      <description>400mA Low drop-out regulator, Fixed Output 3.3V, SOT-223</description>
      <docs>http://www.zlgmcu.com/Sipex/LDO/PDF/spx2920.pdf</docs>
      <footprints>
        <fp>SOT?223*</fp>
      </footprints>
      <fields>
        <field name="Reference">U</field>
        <field name="Value">SPX2920M3-3.3_SOT223</field>
        <field name="Footprint">Package_TO_SOT_SMD:SOT-223-3_TabPin2</field>
        <field name="Datasheet">http://www.zlgmcu.com/Sipex/LDO/PDF/spx2920.pdf</field>
      </fields>
      <pins>
        <pin num="1" name="VI" type="power_in"/>
        <pin num="2" name="GND" type="power_in"/>
        <pin num="3" name="VO" type="power_out"/>
      </pins>
    </libpart>
    <libpart lib="Sensor_Barometric" part="BMP388">
      <fields>
        <field name="Reference">U?</field>
        <field name="Value">BMP388</field>
        <field name="Footprint">PQFN50P200X200X80-10N</field>
        <field name="STANDARD">IPC 7351B</field>
        <field name="MANUFACTURER">BOSCH</field>
        <field name="PARTREV">1.1</field>
      </fields>
      <pins>
        <pin num="1" name="VDDIO" type="power_in"/>
        <pin num="2" name="SCK" type="input"/>
        <pin num="3" name="VSS" type="power_in"/>
        <pin num="4" name="SDI" type="bidirectional"/>
        <pin num="5" name="SDO" type="bidirectional"/>
        <pin num="6" name="CSB" type="input"/>
        <pin num="7" name="INT" type="output"/>
        <pin num="8" name="VSS" type="power_in"/>
        <pin num="9" name="VSS" type="power_in"/>
        <pin num="10" name="VDD" type="power_in"/>
      </pins>
    </libpart>
    <libpart lib="Switch_Smd" part="TS-1187A-B-A-B">
      <fields>
        <field name="Reference">S?</field>
        <field name="Value">TS-1187A-B-A-B</field>
        <field name="Footprint">SW_TS-1187A-B-A-B</field>
        <field name="MAXIMUM_PACKAGE_HEIGHT">1.5mm</field>
        <field name="STANDARD">Manufacturer Recommendations</field>
        <field name="MANUFACTURER">XKB Industrial Precision</field>
        <field name="PARTREV">A0</field>
      </fields>
      <pins>
        <pin num="A" name="" type="passive"/>
        <pin num="B" name="" type="passive"/>
        <pin num="C" name="" type="passive"/>
        <pin num="D" name="" type="passive"/>
      </pins>
    </libpart>
    <libpart lib="Transistor_FET" part="AO3401A">
      <description>-4.0A Id, -30V Vds, P-Channel MOSFET, SOT-23</description>
      <docs>http://www.aosmd.com/pdfs/datasheet/AO3401A.pdf</docs>
      <footprints>
        <fp>SOT?23*</fp>
      </footprints>
      <fields>
        <field name="Reference">Q</field>
        <field name="Value">AO3401A</field>
        <field name="Footprint">Package_TO_SOT_SMD:SOT-23</field>
        <field name="Datasheet">http://www.aosmd.com/pdfs/datasheet/AO3401A.pdf</field>
      </fields>
      <pins>
        <pin num="1" name="G" type="input"/>
        <pin num="2" name="S" type="passive"/>
        <pin num="3" name="D" type="passive"/>
      </pins>
    </libpart>
  </libparts>
  <libraries>
    <library logical="Connector">
      <uri>/usr/share/kicad/symbols//Connector.kicad_sym</uri>
    </library>
    <library logical="Device">
      <uri>/usr/share/kicad/symbols//Device.kicad_sym</uri>
    </library>
    <library logical="ESP_Modules">
      <uri>/home/eason/.local/share/kicad/6.0/symbols/ESP_Modules.kicad_sym</uri>
    </library>
    <library logical="Regulator_Linear">
      <uri>/usr/share/kicad/symbols//Regulator_Linear.kicad_sym</uri>
    </library>
    <library logical="Sensor_Barometric">
      <uri>/home/eason/.local/share/kicad/6.0/symbols/Sensor_Barometric.kicad_sym</uri>
    </library>
    <library logical="Switch_Smd">
      <uri>/home/eason/.local/share/kicad/6.0/symbols/Switch_Smd.kicad_sym</uri>
    </library>
    <library logical="Transistor_FET">
      <uri>/usr/share/kicad/symbols//Transistor_FET.kicad_sym</uri>
    </library>
  </libraries>
  <nets>
    <net code="1" name="+BATT">
      <node ref="C9" pin="1" pintype="passive"/>
      <node ref="Q1" pin="2" pinfunction="S" pintype="passive"/>
      <node ref="U1" pin="1" pinfunction="VI" pintype="power_in"/>
    </net>
    <net code="2" name="CHIP_EN">
      <node ref="C13" pin="1" pintype="passive"/>
      <node ref="IC1" pin="7" pinfunction="CHIP_EN" pintype="passive"/>
      <node ref="R6" pin="1" pintype="passive"/>
      <node ref="S2" pin="A" pintype="passive"/>
    </net>
    <net code="3" name="GND">
      <node ref="AE1" pin="1" pintype="input"/>
      <node ref="C1" pin="2" pintype="passive"/>
      <node ref="C10" pin="2" pintype="passive"/>
      <node ref="C11" pin="2" pintype="passive"/>
      <node ref="C12" pin="2" pintype="passive"/>
      <node ref="C13" pin="2" pintype="passive"/>
      <node ref="C14" pin="2" pintype="passive"/>
      <node ref="C15" pin="2" pintype="passive"/>
      <node ref="C16" pin="1" pintype="passive"/>
      <node ref="C17" pin="2" pintype="passive"/>
      <node ref="C18" pin="2" pintype="passive"/>
      <node ref="C2" pin="2" pintype="passive"/>
      <node ref="C3" pin="2" pintype="passive"/>
      <node ref="C4" pin="2" pintype="passive"/>
      <node ref="C5" pin="2" pintype="passive"/>
      <node ref="C6" pin="2" pintype="passive"/>
      <node ref="C7" pin="2" pintype="passive"/>
      <node ref="C8" pin="2" pintype="passive"/>
      <node ref="C9" pin="2" pintype="passive"/>
      <node ref="IC1" pin="33" pinfunction="EP" pintype="passive"/>
      <node ref="J1" pin="5" pinfunction="Pin_5" pintype="passive"/>
      <node ref="J2" pin="2" pinfunction="Pin_2" pintype="passive"/>
      <node ref="Q1" pin="1" pinfunction="G" pintype="input"/>
      <node ref="S1" pin="D" pintype="passive"/>
      <node ref="S2" pin="D" pintype="passive"/>
      <node ref="U1" pin="2" pinfunction="GND" pintype="power_in"/>
      <node ref="U2" pin="3" pinfunction="VSS" pintype="power_in"/>
      <node ref="U2" pin="5" pinfunction="SDO" pintype="bidirectional"/>
      <node ref="U2" pin="8" pinfunction="VSS" pintype="power_in"/>
      <node ref="U2" pin="9" pinfunction="VSS" pintype="power_in"/>
      <node ref="Y1" pin="2" pinfunction="2" pintype="passive"/>
      <node ref="Y1" pin="4" pinfunction="4" pintype="passive"/>
    </net>
    <net code="4" name="INT">
      <node ref="IC1" pin="16" pinfunction="GPIO10" pintype="passive"/>
      <node ref="U2" pin="7" pinfunction="INT" pintype="output"/>
    </net>
    <net code="5" name="IO2">
      <node ref="IC1" pin="14" pinfunction="GPIO8" pintype="passive"/>
      <node ref="IC1" pin="6" pinfunction="GPIO2" pintype="passive"/>
      <node ref="R4" pin="1" pintype="passive"/>
    </net>
    <net code="6" name="IO9">
      <node ref="C12" pin="1" pintype="passive"/>
      <node ref="IC1" pin="15" pinfunction="GPIO9" pintype="passive"/>
      <node ref="J1" pin="4" pinfunction="Pin_4" pintype="passive"/>
      <node ref="R5" pin="1" pintype="passive"/>
      <node ref="S1" pin="A" pintype="passive"/>
    </net>
    <net code="7" name="LED">
      <node ref="IC1" pin="8" pinfunction="GPIO3" pintype="passive"/>
    </net>
    <net code="8" name="LNA_IN">
      <node ref="C10" pin="1" pintype="passive"/>
      <node ref="IC1" pin="1" pinfunction="LNA_IN" pintype="passive"/>
      <node ref="L2" pin="2" pintype="passive"/>
    </net>
    <net code="9" name="Net-(AE1-Pad2)">
      <node ref="AE1" pin="2" pintype="input"/>
      <node ref="C6" pin="1" pintype="passive"/>
      <node ref="L2" pin="1" pintype="passive"/>
    </net>
    <net code="10" name="Net-(C14-Pad1)">
      <node ref="C14" pin="1" pintype="passive"/>
      <node ref="R9" pin="1" pintype="passive"/>
      <node ref="Y1" pin="1" pinfunction="1" pintype="passive"/>
    </net>
    <net code="11" name="Net-(J1-Pad2)">
      <node ref="J1" pin="2" pinfunction="Pin_2" pintype="passive"/>
      <node ref="R2" pin="2" pintype="passive"/>
    </net>
    <net code="12" name="Net-(J1-Pad3)">
      <node ref="J1" pin="3" pinfunction="Pin_3" pintype="passive"/>
      <node ref="R1" pin="2" pintype="passive"/>
    </net>
    <net code="13" name="RX0">
      <node ref="IC1" pin="27" pinfunction="U0RXD" pintype="passive"/>
      <node ref="R1" pin="1" pintype="passive"/>
    </net>
    <net code="14" name="SCLI">
      <node ref="IC1" pin="4" pinfunction="XTAL_32K_P" pintype="passive"/>
      <node ref="R8" pin="2" pintype="passive"/>
      <node ref="U2" pin="2" pinfunction="SCK" pintype="input"/>
    </net>
    <net code="15" name="SDAI">
      <node ref="IC1" pin="5" pinfunction="XTAL_32K_N" pintype="passive"/>
      <node ref="R7" pin="2" pintype="passive"/>
      <node ref="U2" pin="4" pinfunction="SDI" pintype="bidirectional"/>
    </net>
    <net code="16" name="TX0">
      <node ref="IC1" pin="28" pinfunction="U0TXD" pintype="passive"/>
      <node ref="R2" pin="1" pintype="passive"/>
    </net>
    <net code="17" name="VDD3P3">
      <node ref="C8" pin="1" pintype="passive"/>
      <node ref="IC1" pin="2" pinfunction="VDD3P3_1" pintype="passive"/>
      <node ref="IC1" pin="3" pinfunction="VDD3P3_2" pintype="passive"/>
      <node ref="J1" pin="1" pinfunction="Pin_1" pintype="passive"/>
      <node ref="L1" pin="2" pinfunction="2" pintype="passive"/>
    </net>
    <net code="18" name="VDDA">
      <node ref="C1" pin="1" pintype="passive"/>
      <node ref="C11" pin="1" pintype="passive"/>
      <node ref="C15" pin="1" pintype="passive"/>
      <node ref="C17" pin="1" pintype="passive"/>
      <node ref="C18" pin="1" pintype="passive"/>
      <node ref="C2" pin="1" pintype="passive"/>
      <node ref="C3" pin="1" pintype="passive"/>
      <node ref="C4" pin="1" pintype="passive"/>
      <node ref="C5" pin="1" pintype="passive"/>
      <node ref="C7" pin="1" pintype="passive"/>
      <node ref="IC1" pin="11" pinfunction="VDD3P3_RTC" pintype="passive"/>
      <node ref="IC1" pin="17" pinfunction="VDD3P3_CPU" pintype="passive"/>
      <node ref="IC1" pin="18" pinfunction="VDD_SPI" pintype="passive"/>
      <node ref="IC1" pin="31" pinfunction="VDDA_1" pintype="passive"/>
      <node ref="IC1" pin="32" pinfunction="VDDA_2" pintype="passive"/>
      <node ref="L1" pin="1" pinfunction="1" pintype="passive"/>
      <node ref="R4" pin="2" pintype="passive"/>
      <node ref="R5" pin="2" pintype="passive"/>
      <node ref="R6" pin="2" pintype="passive"/>
      <node ref="R7" pin="1" pintype="passive"/>
      <node ref="R8" pin="1" pintype="passive"/>
      <node ref="U1" pin="3" pinfunction="VO" pintype="power_out"/>
      <node ref="U2" pin="1" pinfunction="VDDIO" pintype="power_in"/>
      <node ref="U2" pin="10" pinfunction="VDD" pintype="power_in"/>
      <node ref="U2" pin="6" pinfunction="CSB" pintype="input"/>
    </net>
    <net code="19" name="VIN">
      <node ref="J2" pin="1" pinfunction="Pin_1" pintype="passive"/>
      <node ref="Q1" pin="3" pinfunction="D" pintype="passive"/>
    </net>
    <net code="20" name="XTAL_N">
      <node ref="C16" pin="2" pintype="passive"/>
      <node ref="IC1" pin="29" pinfunction="XTAL_N" pintype="passive"/>
      <node ref="Y1" pin="3" pinfunction="3" pintype="passive"/>
    </net>
    <net code="21" name="XTAL_P">
      <node ref="IC1" pin="30" pinfunction="XTAL_P" pintype="passive"/>
      <node ref="R9" pin="2" pintype="passive"/>
    </net>
    <net code="22" name="unconnected-(IC1-Pad9)">
      <node ref="IC1" pin="9" pinfunction="MTMS" pintype="passive+no_connect"/>
    </net>
    <net code="23" name="unconnected-(IC1-Pad10)">
      <node ref="IC1" pin="10" pinfunction="MTDI" pintype="passive+no_connect"/>
    </net>
    <net code="24" name="unconnected-(IC1-Pad12)">
      <node ref="IC1" pin="12" pinfunction="MTCK" pintype="passive+no_connect"/>
    </net>
    <net code="25" name="unconnected-(IC1-Pad13)">
      <node ref="IC1" pin="13" pinfunction="MTDO" pintype="passive+no_connect"/>
    </net>
    <net code="26" name="unconnected-(IC1-Pad19)">
      <node ref="IC1" pin="19" pinfunction="SPIHD" pintype="passive+no_connect"/>
    </net>
    <net code="27" name="unconnected-(IC1-Pad20)">
      <node ref="IC1" pin="20" pinfunction="SPIWP" pintype="passive+no_connect"/>
    </net>
    <net code="28" name="unconnected-(IC1-Pad21)">
      <node ref="IC1" pin="21" pinfunction="SPICS0" pintype="passive+no_connect"/>
    </net>
    <net code="29" name="unconnected-(IC1-Pad22)">
      <node ref="IC1" pin="22" pinfunction="SPICLK" pintype="passive+no_connect"/>
    </net>
    <net code="30" name="unconnected-(IC1-Pad23)">
      <node ref="IC1" pin="23" pinfunction="SPID" pintype="passive+no_connect"/>
    </net>
    <net code="31" name="unconnected-(IC1-Pad24)">
      <node ref="IC1" pin="24" pinfunction="SPIQ" pintype="passive+no_connect"/>
    </net>
    <net code="32" name="unconnected-(IC1-Pad25)">
      <node ref="IC1" pin="25" pinfunction="GPIO18" pintype="passive"/>
    </net>
    <net code="33" name="unconnected-(IC1-Pad26)">
      <node ref="IC1" pin="26" pinfunction="GPIO19" pintype="passive"/>
    </net>
    <net code="34" name="unconnected-(S1-PadB)">
      <node ref="S1" pin="B" pintype="passive+no_connect"/>
    </net>
    <net code="35" name="unconnected-(S1-PadC)">
      <node ref="S1" pin="C" pintype="passive+no_connect"/>
    </net>
    <net code="36" name="unconnected-(S2-PadB)">
      <node ref="S2" pin="B" pintype="passive+no_connect"/>
    </net>
    <net code="37" name="unconnected-(S2-PadC)">
      <node ref="S2" pin="C" pintype="passive+no_connect"/>
    </net>
  </nets>
</export>
